Led;Voltagem (V)
1;1.1232
2;1.10478
3;0.80421
4;0.75256
5;0.56482
6;0.15244
7;0.18998
8;0.16378
10;0.25178
11;0.60653